series_id,game_num,blue_team,red_team,team,opp_team,side,champion,ban_order,ban_turn_global,ban_phase,win,result
2883360,1,DK,DRX,DK,DRX,Blue,Varus,1,2,1,False,Loss
2883360,1,DK,DRX,DK,DRX,Blue,Nocturne,2,4,1,False,Loss
2883360,1,DK,DRX,DK,DRX,Blue,Yunara,3,6,1,False,Loss
2883360,1,DK,DRX,DK,DRX,Blue,Renekton,4,7,2,False,Loss
2883360,1,DK,DRX,DK,DRX,Blue,Gwen,5,9,2,False,Loss
2883360,1,DK,DRX,DRX,DK,Red,Jarvan IV,1,1,1,True,Win
2883360,1,DK,DRX,DRX,DK,Red,Pantheon,2,3,1,True,Win
2883360,1,DK,DRX,DRX,DK,Red,Rumble,3,5,1,True,Win
2883360,1,DK,DRX,DRX,DK,Red,Ezreal,4,8,2,True,Win
2883360,1,DK,DRX,DRX,DK,Red,Sivir,5,10,2,True,Win
2883360,2,DK,DRX,DK,DRX,Blue,Varus,1,2,1,True,Win
2883360,2,DK,DRX,DK,DRX,Blue,Vi,2,4,1,True,Win
2883360,2,DK,DRX,DK,DRX,Blue,Ryze,3,6,1,True,Win
2883360,2,DK,DRX,DK,DRX,Blue,Nocturne,4,7,2,True,Win
2883360,2,DK,DRX,DK,DRX,Blue,Jax,5,9,2,True,Win
2883360,2,DK,DRX,DRX,DK,Red,Rumble,1,1,1,False,Loss
2883360,2,DK,DRX,DRX,DK,Red,Jarvan IV,2,3,1,False,Loss
2883360,2,DK,DRX,DRX,DK,Red,Pantheon,3,5,1,False,Loss
2883360,2,DK,DRX,DRX,DK,Red,Ahri,4,8,2,False,Loss
2883360,2,DK,DRX,DRX,DK,Red,Gwen,5,10,2,False,Loss
2883360,3,DK,DRX,DK,DRX,Blue,Neeko,1,2,1,False,Loss
2883360,3,DK,DRX,DK,DRX,Blue,Pantheon,2,4,1,False,Loss
2883360,3,DK,DRX,DK,DRX,Blue,Vi,3,6,1,False,Loss
2883360,3,DK,DRX,DK,DRX,Blue,Rakan,4,7,2,False,Loss
2883360,3,DK,DRX,DK,DRX,Blue,Lee Sin,5,9,2,False,Loss
2883360,3,DK,DRX,DRX,DK,Red,Rumble,1,1,1,True,Win
2883360,3,DK,DRX,DRX,DK,Red,Gwen,2,3,1,True,Win
2883360,3,DK,DRX,DRX,DK,Red,Jarvan IV,3,5,1,True,Win
2883360,3,DK,DRX,DRX,DK,Red,Cassiopeia,4,8,2,True,Win
2883360,3,DK,DRX,DRX,DK,Red,Anivia,5,10,2,True,Win
2883360,4,DK,DRX,DK,DRX,Blue,Malphite,1,1,1,True,Win
2883360,4,DK,DRX,DK,DRX,Blue,Neeko,2,3,1,True,Win
2883360,4,DK,DRX,DK,DRX,Blue,Pantheon,3,5,1,True,Win
2883360,4,DK,DRX,DK,DRX,Blue,Kai'Sa,4,8,2,True,Win
2883360,4,DK,DRX,DK,DRX,Blue,Xayah,5,10,2,True,Win
2883360,4,DK,DRX,DRX,DK,Red,Rumble,1,2,1,False,Loss
2883360,4,DK,DRX,DRX,DK,Red,Gwen,2,4,1,False,Loss
2883360,4,DK,DRX,DRX,DK,Red,Ahri,3,6,1,False,Loss
2883360,4,DK,DRX,DRX,DK,Red,Lucian,4,7,2,False,Loss
2883360,4,DK,DRX,DRX,DK,Red,Lulu,5,9,2,False,Loss
2883360,5,DK,DRX,DK,DRX,Blue,Pantheon,1,2,1,True,Win
2883360,5,DK,DRX,DK,DRX,Blue,Neeko,2,4,1,True,Win
2883360,5,DK,DRX,DK,DRX,Blue,Yone,3,6,1,True,Win
2883360,5,DK,DRX,DK,DRX,Blue,Syndra,4,7,2,True,Win
2883360,5,DK,DRX,DK,DRX,Blue,Wukong,5,9,2,True,Win
2883360,5,DK,DRX,DRX,DK,Red,Jarvan IV,1,1,1,False,Loss
2883360,5,DK,DRX,DRX,DK,Red,Ahri,2,3,1,False,Loss
2883360,5,DK,DRX,DRX,DK,Red,Akali,3,5,1,False,Loss
2883360,5,DK,DRX,DRX,DK,Red,Lucian,4,8,2,False,Loss
2883360,5,DK,DRX,DRX,DK,Red,Ezreal,5,10,2,False,Loss
2883361,1,BFX,T1,BFX,T1,Blue,Bard,1,2,1,True,Win
2883361,1,BFX,T1,BFX,T1,Blue,Ambessa,2,4,1,True,Win
2883361,1,BFX,T1,BFX,T1,Blue,Vi,3,6,1,True,Win
2883361,1,BFX,T1,BFX,T1,Blue,Corki,4,7,2,True,Win
2883361,1,BFX,T1,BFX,T1,Blue,Miss Fortune,5,9,2,True,Win
2883361,1,BFX,T1,T1,BFX,Red,Yunara,1,1,1,False,Loss
2883361,1,BFX,T1,T1,BFX,Red,Nocturne,2,3,1,False,Loss
2883361,1,BFX,T1,T1,BFX,Red,Varus,3,5,1,False,Loss
2883361,1,BFX,T1,T1,BFX,Red,Lucian,4,8,2,False,Loss
2883361,1,BFX,T1,T1,BFX,Red,Neeko,5,10,2,False,Loss
2883361,2,BFX,T1,BFX,T1,Blue,Bard,1,2,1,False,Loss
2883361,2,BFX,T1,BFX,T1,Blue,Vi,2,4,1,False,Loss
2883361,2,BFX,T1,BFX,T1,Blue,Ryze,3,6,1,False,Loss
2883361,2,BFX,T1,BFX,T1,Blue,Gnar,4,7,2,False,Loss
2883361,2,BFX,T1,BFX,T1,Blue,Lee Sin,5,9,2,False,Loss
2883361,2,BFX,T1,T1,BFX,Red,Wukong,1,1,1,True,Win
2883361,2,BFX,T1,T1,BFX,Red,Nocturne,2,3,1,True,Win
2883361,2,BFX,T1,T1,BFX,Red,Neeko,3,5,1,True,Win
2883361,2,BFX,T1,T1,BFX,Red,Lucian,4,8,2,True,Win
2883361,2,BFX,T1,T1,BFX,Red,Yunara,5,10,2,True,Win
2883361,3,T1,BFX,T1,BFX,Blue,Lucian,1,2,1,False,Loss
2883361,3,T1,BFX,T1,BFX,Blue,Yunara,2,4,1,False,Loss
2883361,3,T1,BFX,T1,BFX,Blue,Vi,3,6,1,False,Loss
2883361,3,T1,BFX,T1,BFX,Blue,Lee Sin,4,7,2,False,Loss
2883361,3,T1,BFX,T1,BFX,Blue,Aurora,5,9,2,False,Loss
2883361,3,T1,BFX,BFX,T1,Red,Bard,1,1,1,True,Win
2883361,3,T1,BFX,BFX,T1,Red,Neeko,2,3,1,True,Win
2883361,3,T1,BFX,BFX,T1,Red,Nocturne,3,5,1,True,Win
2883361,3,T1,BFX,BFX,T1,Red,Nautilus,4,8,2,True,Win
2883361,3,T1,BFX,BFX,T1,Red,Karma,5,10,2,True,Win
2883361,4,BFX,T1,BFX,T1,Blue,Bard,1,1,1,True,Win
2883361,4,BFX,T1,BFX,T1,Blue,Nocturne,2,3,1,True,Win
2883361,4,BFX,T1,BFX,T1,Blue,Karma,3,5,1,True,Win
2883361,4,BFX,T1,BFX,T1,Blue,Lee Sin,4,8,2,True,Win
2883361,4,BFX,T1,BFX,T1,Blue,Taliyah,5,10,2,True,Win
2883361,4,BFX,T1,T1,BFX,Red,Nami,1,2,1,False,Loss
2883361,4,BFX,T1,T1,BFX,Red,Vi,2,4,1,False,Loss
2883361,4,BFX,T1,T1,BFX,Red,Neeko,3,6,1,False,Loss
2883361,4,BFX,T1,T1,BFX,Red,Dr. Mundo,4,7,2,False,Loss
2883361,4,BFX,T1,T1,BFX,Red,Jayce,5,9,2,False,Loss
2883362,1,DK,GEN,DK,GEN,Blue,Varus,1,2,1,False,Loss
2883362,1,DK,GEN,DK,GEN,Blue,Yone,2,4,1,False,Loss
2883362,1,DK,GEN,DK,GEN,Blue,Orianna,3,6,1,False,Loss
2883362,1,DK,GEN,DK,GEN,Blue,Sivir,4,7,2,False,Loss
2883362,1,DK,GEN,DK,GEN,Blue,Nautilus,5,9,2,False,Loss
2883362,1,DK,GEN,GEN,DK,Red,Neeko,1,1,1,True,Win
2883362,1,DK,GEN,GEN,DK,Red,Pantheon,2,3,1,True,Win
2883362,1,DK,GEN,GEN,DK,Red,Yunara,3,5,1,True,Win
2883362,1,DK,GEN,GEN,DK,Red,Bard,4,8,2,True,Win
2883362,1,DK,GEN,GEN,DK,Red,Karma,5,10,2,True,Win
2883362,2,DK,GEN,DK,GEN,Blue,Aurora,1,1,1,True,Win
2883362,2,DK,GEN,DK,GEN,Blue,Varus,2,3,1,True,Win
2883362,2,DK,GEN,DK,GEN,Blue,Anivia,3,5,1,True,Win
2883362,2,DK,GEN,DK,GEN,Blue,Jax,4,8,2,True,Win
2883362,2,DK,GEN,DK,GEN,Blue,Nautilus,5,10,2,True,Win
2883362,2,DK,GEN,GEN,DK,Red,Ambessa,1,2,1,False,Loss
2883362,2,DK,GEN,GEN,DK,Red,Orianna,2,4,1,False,Loss
2883362,2,DK,GEN,GEN,DK,Red,Ryze,3,6,1,False,Loss
2883362,2,DK,GEN,GEN,DK,Red,LeBlanc,4,7,2,False,Loss
2883362,2,DK,GEN,GEN,DK,Red,Twisted Fate,5,9,2,False,Loss
2883362,3,DK,GEN,DK,GEN,Blue,Varus,1,2,1,False,Loss
2883362,3,DK,GEN,DK,GEN,Blue,Orianna,2,4,1,False,Loss
2883362,3,DK,GEN,DK,GEN,Blue,Aurora,3,6,1,False,Loss
2883362,3,DK,GEN,DK,GEN,Blue,Nautilus,4,7,2,False,Loss
2883362,3,DK,GEN,DK,GEN,Blue,Blitzcrank,5,9,2,False,Loss
2883362,3,DK,GEN,GEN,DK,Red,Neeko,1,1,1,True,Win
2883362,3,DK,GEN,GEN,DK,Red,Ambessa,2,3,1,True,Win
2883362,3,DK,GEN,GEN,DK,Red,Anivia,3,5,1,True,Win
2883362,3,DK,GEN,GEN,DK,Red,Gnar,4,8,2,True,Win
2883362,3,DK,GEN,GEN,DK,Red,Viktor,5,10,2,True,Win
2883362,4,GEN,DK,GEN,DK,Blue,Neeko,1,1,1,True,Win
2883362,4,GEN,DK,GEN,DK,Blue,LeBlanc,2,3,1,True,Win
2883362,4,GEN,DK,GEN,DK,Blue,Ambessa,3,5,1,True,Win
2883362,4,GEN,DK,GEN,DK,Blue,Lee Sin,4,8,2,True,Win
2883362,4,GEN,DK,GEN,DK,Blue,Zoe,5,10,2,True,Win
2883362,4,GEN,DK,DK,GEN,Red,Varus,1,2,1,False,Loss
2883362,4,GEN,DK,DK,GEN,Red,Orianna,2,4,1,False,Loss
2883362,4,GEN,DK,DK,GEN,Red,Gnar,3,6,1,False,Loss
2883362,4,GEN,DK,DK,GEN,Red,Nautilus,4,7,2,False,Loss
2883362,4,GEN,DK,DK,GEN,Red,Sivir,5,9,2,False,Loss
2883364,1,DNS,DK,DNS,DK,Blue,Rumble,1,2,1,False,Loss
2883364,1,DNS,DK,DNS,DK,Blue,Varus,2,4,1,False,Loss
2883364,1,DNS,DK,DNS,DK,Blue,Orianna,3,6,1,False,Loss
2883364,1,DNS,DK,DNS,DK,Blue,Karma,4,7,2,False,Loss
2883364,1,DNS,DK,DNS,DK,Blue,Alistar,5,9,2,False,Loss
2883364,1,DNS,DK,DK,DNS,Red,Neeko,1,1,1,True,Win
2883364,1,DNS,DK,DK,DNS,Red,Yunara,2,3,1,True,Win
2883364,1,DNS,DK,DK,DNS,Red,Pantheon,3,5,1,True,Win
2883364,1,DNS,DK,DK,DNS,Red,Renekton,4,8,2,True,Win
2883364,1,DNS,DK,DK,DNS,Red,Nami,5,10,2,True,Win
2883364,2,DK,DNS,DK,DNS,Blue,Orianna,1,2,1,True,Win
2883364,2,DK,DNS,DK,DNS,Blue,Pantheon,2,4,1,True,Win
2883364,2,DK,DNS,DK,DNS,Blue,Varus,3,6,1,True,Win
2883364,2,DK,DNS,DK,DNS,Blue,Jhin,4,7,2,True,Win
2883364,2,DK,DNS,DK,DNS,Blue,Ashe,5,9,2,True,Win
2883364,2,DK,DNS,DNS,DK,Red,Cassiopeia,1,1,1,False,Loss
2883364,2,DK,DNS,DNS,DK,Red,Gnar,2,3,1,False,Loss
2883364,2,DK,DNS,DNS,DK,Red,Yunara,3,5,1,False,Loss
2883364,2,DK,DNS,DNS,DK,Red,Lucian,4,8,2,False,Loss
2883364,2,DK,DNS,DNS,DK,Red,Poppy,5,10,2,False,Loss
2883364,3,DK,DNS,DK,DNS,Blue,Neeko,1,1,1,False,Loss
2883364,3,DK,DNS,DK,DNS,Blue,Yorick,2,3,1,False,Loss
2883364,3,DK,DNS,DK,DNS,Blue,Ahri,3,5,1,False,Loss
2883364,3,DK,DNS,DK,DNS,Blue,Akali,4,8,2,False,Loss
2883364,3,DK,DNS,DK,DNS,Blue,Viktor,5,10,2,False,Loss
2883364,3,DK,DNS,DNS,DK,Red,Orianna,1,2,1,True,Win
2883364,3,DK,DNS,DNS,DK,Red,Kennen,2,4,1,True,Win
2883364,3,DK,DNS,DNS,DK,Red,Pantheon,3,6,1,True,Win
2883364,3,DK,DNS,DNS,DK,Red,Sivir,4,7,2,True,Win
2883364,3,DK,DNS,DNS,DK,Red,Gnar,5,9,2,True,Win
2883364,4,DNS,DK,DNS,DK,Blue,Orianna,1,2,1,False,Loss
2883364,4,DNS,DK,DNS,DK,Blue,Lucian,2,4,1,False,Loss
2883364,4,DNS,DK,DNS,DK,Blue,Pantheon,3,6,1,False,Loss
2883364,4,DNS,DK,DNS,DK,Blue,Yorick,4,7,2,False,Loss
2883364,4,DNS,DK,DNS,DK,Blue,Jayce,5,9,2,False,Loss
2883364,4,DNS,DK,DK,DNS,Red,Nocturne,1,1,1,True,Win
2883364,4,DNS,DK,DK,DNS,Red,Dr. Mundo,2,3,1,True,Win
2883364,4,DNS,DK,DK,DNS,Red,Sylas,3,5,1,True,Win
2883364,4,DNS,DK,DK,DNS,Red,Akali,4,8,2,True,Win
2883364,4,DNS,DK,DK,DNS,Red,Yasuo,5,10,2,True,Win
2883365,1,GEN,BFX,GEN,BFX,Blue,Neeko,1,1,1,True,Win
2883365,1,GEN,BFX,GEN,BFX,Blue,Yunara,2,3,1,True,Win
2883365,1,GEN,BFX,GEN,BFX,Blue,Orianna,3,5,1,True,Win
2883365,1,GEN,BFX,GEN,BFX,Blue,Ezreal,4,8,2,True,Win
2883365,1,GEN,BFX,GEN,BFX,Blue,Sivir,5,10,2,True,Win
2883365,1,GEN,BFX,BFX,GEN,Red,Rumble,1,2,1,False,Loss
2883365,1,GEN,BFX,BFX,GEN,Red,Bard,2,4,1,False,Loss
2883365,1,GEN,BFX,BFX,GEN,Red,Gwen,3,6,1,False,Loss
2883365,1,GEN,BFX,BFX,GEN,Red,Renekton,4,7,2,False,Loss
2883365,1,GEN,BFX,BFX,GEN,Red,Nautilus,5,9,2,False,Loss
2883365,2,GEN,BFX,GEN,BFX,Blue,Neeko,1,1,1,True,Win
2883365,2,GEN,BFX,GEN,BFX,Blue,Yunara,2,3,1,True,Win
2883365,2,GEN,BFX,GEN,BFX,Blue,Ryze,3,5,1,True,Win
2883365,2,GEN,BFX,GEN,BFX,Blue,Mel,4,8,2,True,Win
2883365,2,GEN,BFX,GEN,BFX,Blue,Twisted Fate,5,10,2,True,Win
2883365,2,GEN,BFX,BFX,GEN,Red,Rumble,1,2,1,False,Loss
2883365,2,GEN,BFX,BFX,GEN,Red,Gwen,2,4,1,False,Loss
2883365,2,GEN,BFX,BFX,GEN,Red,Orianna,3,6,1,False,Loss
2883365,2,GEN,BFX,BFX,GEN,Red,Dr. Mundo,4,7,2,False,Loss
2883365,2,GEN,BFX,BFX,GEN,Red,Jarvan IV,5,9,2,False,Loss
2883365,3,GEN,BFX,GEN,BFX,Blue,Rumble,1,2,1,False,Loss
2883365,3,GEN,BFX,GEN,BFX,Blue,Orianna,2,4,1,False,Loss
2883365,3,GEN,BFX,GEN,BFX,Blue,Ryze,3,6,1,False,Loss
2883365,3,GEN,BFX,GEN,BFX,Blue,Kha'Zix,4,7,2,False,Loss
2883365,3,GEN,BFX,GEN,BFX,Blue,Lee Sin,5,9,2,False,Loss
2883365,3,GEN,BFX,BFX,GEN,Red,Nocturne,1,1,1,True,Win
2883365,3,GEN,BFX,BFX,GEN,Red,Jarvan IV,2,3,1,True,Win
2883365,3,GEN,BFX,BFX,GEN,Red,Anivia,3,5,1,True,Win
2883365,3,GEN,BFX,BFX,GEN,Red,Jax,4,8,2,True,Win
2883365,3,GEN,BFX,BFX,GEN,Red,Jayce,5,10,2,True,Win
2883365,4,GEN,BFX,GEN,BFX,Blue,Renata Glasc,1,1,1,True,Win
2883365,4,GEN,BFX,GEN,BFX,Blue,Neeko,2,3,1,True,Win
2883365,4,GEN,BFX,GEN,BFX,Blue,Orianna,3,5,1,True,Win
2883365,4,GEN,BFX,GEN,BFX,Blue,Akali,4,8,2,True,Win
2883365,4,GEN,BFX,GEN,BFX,Blue,Galio,5,10,2,True,Win
2883365,4,GEN,BFX,BFX,GEN,Red,Rumble,1,2,1,False,Loss
2883365,4,GEN,BFX,BFX,GEN,Red,Corki,2,4,1,False,Loss
2883365,4,GEN,BFX,BFX,GEN,Red,Ryze,3,6,1,False,Loss
2883365,4,GEN,BFX,BFX,GEN,Red,Leona,4,7,2,False,Loss
2883365,4,GEN,BFX,BFX,GEN,Red,Blitzcrank,5,9,2,False,Loss
2883366,1,DK,T1,DK,T1,Blue,Bard,1,2,1,False,Loss
2883366,1,DK,T1,DK,T1,Blue,Nocturne,2,4,1,False,Loss
2883366,1,DK,T1,DK,T1,Blue,Varus,3,6,1,False,Loss
2883366,1,DK,T1,DK,T1,Blue,Jhin,4,7,2,False,Loss
2883366,1,DK,T1,DK,T1,Blue,Nami,5,9,2,False,Loss
2883366,1,DK,T1,T1,DK,Red,Vi,1,1,1,True,Win
2883366,1,DK,T1,T1,DK,Red,Ambessa,2,3,1,True,Win
2883366,1,DK,T1,T1,DK,Red,Pantheon,3,5,1,True,Win
2883366,1,DK,T1,T1,DK,Red,Lulu,4,8,2,True,Win
2883366,1,DK,T1,T1,DK,Red,Karma,5,10,2,True,Win
2883366,2,DK,T1,DK,T1,Blue,Bard,1,2,1,False,Loss
2883366,2,DK,T1,DK,T1,Blue,Nocturne,2,4,1,False,Loss
2883366,2,DK,T1,DK,T1,Blue,Anivia,3,6,1,False,Loss
2883366,2,DK,T1,DK,T1,Blue,Nautilus,4,7,2,False,Loss
2883366,2,DK,T1,DK,T1,Blue,Kalista,5,9,2,False,Loss
2883366,2,DK,T1,T1,DK,Red,Vi,1,1,1,True,Win
2883366,2,DK,T1,T1,DK,Red,Ambessa,2,3,1,True,Win
2883366,2,DK,T1,T1,DK,Red,Varus,3,5,1,True,Win
2883366,2,DK,T1,T1,DK,Red,Lulu,4,8,2,True,Win
2883366,2,DK,T1,T1,DK,Red,Leona,5,10,2,True,Win
2883366,3,T1,DK,T1,DK,Blue,Varus,1,2,1,False,Loss
2883366,3,T1,DK,T1,DK,Blue,Vi,2,4,1,False,Loss
2883366,3,T1,DK,T1,DK,Blue,Dr. Mundo,3,6,1,False,Loss
2883366,3,T1,DK,T1,DK,Blue,Aurora,4,7,2,False,Loss
2883366,3,T1,DK,T1,DK,Blue,Gnar,5,9,2,False,Loss
2883366,3,T1,DK,DK,T1,Red,Bard,1,1,1,True,Win
2883366,3,T1,DK,DK,T1,Red,Nocturne,2,3,1,True,Win
2883366,3,T1,DK,DK,T1,Red,Nautilus,3,5,1,True,Win
2883366,3,T1,DK,DK,T1,Red,Wukong,4,8,2,True,Win
2883366,3,T1,DK,DK,T1,Red,Sejuani,5,10,2,True,Win
2883366,4,DK,T1,DK,T1,Blue,Bard,1,2,1,True,Win
2883366,4,DK,T1,DK,T1,Blue,Nocturne,2,4,1,True,Win
2883366,4,DK,T1,DK,T1,Blue,Aurora,3,6,1,True,Win
2883366,4,DK,T1,DK,T1,Blue,Kennen,4,7,2,True,Win
2883366,4,DK,T1,DK,T1,Blue,Renata Glasc,5,9,2,True,Win
2883366,4,DK,T1,T1,DK,Red,Vi,1,1,1,False,Loss
2883366,4,DK,T1,T1,DK,Red,Ziggs,2,3,1,False,Loss
2883366,4,DK,T1,T1,DK,Red,Zoe,3,5,1,False,Loss
2883366,4,DK,T1,T1,DK,Red,Neeko,4,8,2,False,Loss
2883366,4,DK,T1,T1,DK,Red,Poppy,5,10,2,False,Loss
2883366,5,DK,T1,DK,T1,Blue,Bard,1,2,1,True,Win
2883366,5,DK,T1,DK,T1,Blue,Nocturne,2,4,1,True,Win
2883366,5,DK,T1,DK,T1,Blue,Aurora,3,6,1,True,Win
2883366,5,DK,T1,DK,T1,Blue,Viktor,4,7,2,True,Win
2883366,5,DK,T1,DK,T1,Blue,Trundle,5,9,2,True,Win
2883366,5,DK,T1,T1,DK,Red,Zoe,1,1,1,False,Loss
2883366,5,DK,T1,T1,DK,Red,Vi,2,3,1,False,Loss
2883366,5,DK,T1,T1,DK,Red,Yorick,3,5,1,False,Loss
2883366,5,DK,T1,T1,DK,Red,Yone,4,8,2,False,Loss
2883366,5,DK,T1,T1,DK,Red,Akali,5,10,2,False,Loss
2883367,1,DK,BFX,DK,BFX,Blue,Renekton,1,1,1,False,Loss
2883367,1,DK,BFX,DK,BFX,Blue,Pantheon,2,3,1,False,Loss
2883367,1,DK,BFX,DK,BFX,Blue,Vi,3,5,1,False,Loss
2883367,1,DK,BFX,DK,BFX,Blue,Nautilus,4,8,2,False,Loss
2883367,1,DK,BFX,DK,BFX,Blue,Rek'Sai,5,10,2,False,Loss
2883367,1,DK,BFX,BFX,DK,Red,Rumble,1,2,1,True,Win
2883367,1,DK,BFX,BFX,DK,Red,Orianna,2,4,1,True,Win
2883367,1,DK,BFX,BFX,DK,Red,Ambessa,3,6,1,True,Win
2883367,1,DK,BFX,BFX,DK,Red,Leona,4,7,2,True,Win
2883367,1,DK,BFX,BFX,DK,Red,Gwen,5,9,2,True,Win
2883367,2,BFX,DK,BFX,DK,Blue,Ambessa,1,1,1,True,Win
2883367,2,BFX,DK,BFX,DK,Blue,Poppy,2,3,1,True,Win
2883367,2,BFX,DK,BFX,DK,Blue,Vi,3,5,1,True,Win
2883367,2,BFX,DK,BFX,DK,Blue,Cassiopeia,4,8,2,True,Win
2883367,2,BFX,DK,BFX,DK,Blue,Olaf,5,10,2,True,Win
2883367,2,BFX,DK,DK,BFX,Red,Orianna,1,2,1,False,Loss
2883367,2,BFX,DK,DK,BFX,Red,Pantheon,2,4,1,False,Loss
2883367,2,BFX,DK,DK,BFX,Red,Rumble,3,6,1,False,Loss
2883367,2,BFX,DK,DK,BFX,Red,Dr. Mundo,4,7,2,False,Loss
2883367,2,BFX,DK,DK,BFX,Red,Lee Sin,5,9,2,False,Loss
2883367,3,BFX,DK,BFX,DK,Blue,Orianna,1,2,1,True,Win
2883367,3,BFX,DK,BFX,DK,Blue,Vi,2,4,1,True,Win
2883367,3,BFX,DK,BFX,DK,Blue,Ambessa,3,6,1,True,Win
2883367,3,BFX,DK,BFX,DK,Blue,Gwen,4,7,2,True,Win
2883367,3,BFX,DK,BFX,DK,Blue,Akali,5,9,2,True,Win
2883367,3,BFX,DK,DK,BFX,Red,Twisted Fate,1,1,1,False,Loss
2883367,3,BFX,DK,DK,BFX,Red,Rumble,2,3,1,False,Loss
2883367,3,BFX,DK,DK,BFX,Red,Lucian,3,5,1,False,Loss
2883367,3,BFX,DK,DK,BFX,Red,Ahri,4,8,2,False,Loss
2883367,3,BFX,DK,DK,BFX,Red,Kennen,5,10,2,False,Loss
2883368,1,GEN,BFX,GEN,BFX,Blue,Yunara,1,1,1,True,Win
2883368,1,GEN,BFX,GEN,BFX,Blue,Neeko,2,3,1,True,Win
2883368,1,GEN,BFX,GEN,BFX,Blue,Azir,3,5,1,True,Win
2883368,1,GEN,BFX,GEN,BFX,Blue,Karma,4,8,2,True,Win
2883368,1,GEN,BFX,GEN,BFX,Blue,Nautilus,5,10,2,True,Win
2883368,1,GEN,BFX,BFX,GEN,Red,Rumble,1,2,1,False,Loss
2883368,1,GEN,BFX,BFX,GEN,Red,Vi,2,4,1,False,Loss
2883368,1,GEN,BFX,BFX,GEN,Red,Orianna,3,6,1,False,Loss
2883368,1,GEN,BFX,BFX,GEN,Red,Ezreal,4,7,2,False,Loss
2883368,1,GEN,BFX,BFX,GEN,Red,Jhin,5,9,2,False,Loss
2883368,2,GEN,BFX,GEN,BFX,Blue,Rumble,1,2,1,True,Win
2883368,2,GEN,BFX,GEN,BFX,Blue,Karma,2,4,1,True,Win
2883368,2,GEN,BFX,GEN,BFX,Blue,Yunara,3,6,1,True,Win
2883368,2,GEN,BFX,GEN,BFX,Blue,Neeko,4,7,2,True,Win
2883368,2,GEN,BFX,GEN,BFX,Blue,Zeri,5,9,2,True,Win
2883368,2,GEN,BFX,BFX,GEN,Red,Aurora,1,1,1,False,Loss
2883368,2,GEN,BFX,BFX,GEN,Red,Vi,2,3,1,False,Loss
2883368,2,GEN,BFX,BFX,GEN,Red,Nautilus,3,5,1,False,Loss
2883368,2,GEN,BFX,BFX,GEN,Red,Xin Zhao,4,8,2,False,Loss
2883368,2,GEN,BFX,BFX,GEN,Red,Wukong,5,10,2,False,Loss
2883368,3,GEN,BFX,GEN,BFX,Blue,Rumble,1,2,1,True,Win
2883368,3,GEN,BFX,GEN,BFX,Blue,Lulu,2,4,1,True,Win
2883368,3,GEN,BFX,GEN,BFX,Blue,Karma,3,6,1,True,Win
2883368,3,GEN,BFX,GEN,BFX,Blue,Xin Zhao,4,7,2,True,Win
2883368,3,GEN,BFX,GEN,BFX,Blue,K'Sante,5,9,2,True,Win
2883368,3,GEN,BFX,BFX,GEN,Red,Aurora,1,1,1,False,Loss
2883368,3,GEN,BFX,BFX,GEN,Red,Vi,2,3,1,False,Loss
2883368,3,GEN,BFX,BFX,GEN,Red,Yone,3,5,1,False,Loss
2883368,3,GEN,BFX,BFX,GEN,Red,Rek'Sai,4,8,2,False,Loss
2883368,3,GEN,BFX,BFX,GEN,Red,Ahri,5,10,2,False,Loss
2885344,1,FLY,C9,FLY,C9,Blue,Ziggs,1,2,1,False,Loss
2885344,1,FLY,C9,FLY,C9,Blue,Rumble,2,4,1,False,Loss
2885344,1,FLY,C9,FLY,C9,Blue,Azir,3,6,1,False,Loss
2885344,1,FLY,C9,FLY,C9,Blue,Nami,4,7,2,False,Loss
2885344,1,FLY,C9,FLY,C9,Blue,Bard,5,9,2,False,Loss
2885344,1,FLY,C9,C9,FLY,Red,Ambessa,1,1,1,True,Win
2885344,1,FLY,C9,C9,FLY,Red,Varus,2,3,1,True,Win
2885344,1,FLY,C9,C9,FLY,Red,Orianna,3,5,1,True,Win
2885344,1,FLY,C9,C9,FLY,Red,Aurora,4,8,2,True,Win
2885344,1,FLY,C9,C9,FLY,Red,Braum,5,10,2,True,Win
2885344,2,C9,FLY,C9,FLY,Blue,Ambessa,1,2,1,False,Loss
2885344,2,C9,FLY,C9,FLY,Blue,Varus,2,4,1,False,Loss
2885344,2,C9,FLY,C9,FLY,Blue,Dr. Mundo,3,6,1,False,Loss
2885344,2,C9,FLY,C9,FLY,Blue,Nocturne,4,7,2,False,Loss
2885344,2,C9,FLY,C9,FLY,Blue,Gwen,5,9,2,False,Loss
2885344,2,C9,FLY,FLY,C9,Red,Ziggs,1,1,1,True,Win
2885344,2,C9,FLY,FLY,C9,Red,Bard,2,3,1,True,Win
2885344,2,C9,FLY,FLY,C9,Red,Rumble,3,5,1,True,Win
2885344,2,C9,FLY,FLY,C9,Red,Pantheon,4,8,2,True,Win
2885344,2,C9,FLY,FLY,C9,Red,Jarvan IV,5,10,2,True,Win
2885344,3,C9,FLY,C9,FLY,Blue,Cassiopeia,1,1,1,True,Win
2885344,3,C9,FLY,C9,FLY,Blue,Bard,2,3,1,True,Win
2885344,3,C9,FLY,C9,FLY,Blue,Ambessa,3,5,1,True,Win
2885344,3,C9,FLY,C9,FLY,Blue,Dr. Mundo,4,8,2,True,Win
2885344,3,C9,FLY,C9,FLY,Blue,Syndra,5,10,2,True,Win
2885344,3,C9,FLY,FLY,C9,Red,Ziggs,1,2,1,False,Loss
2885344,3,C9,FLY,FLY,C9,Red,Jarvan IV,2,4,1,False,Loss
2885344,3,C9,FLY,FLY,C9,Red,Pantheon,3,6,1,False,Loss
2885344,3,C9,FLY,FLY,C9,Red,Galio,4,7,2,False,Loss
2885344,3,C9,FLY,FLY,C9,Red,Xin Zhao,5,9,2,False,Loss
2885349,1,C9,FLY,C9,FLY,Blue,Varus,1,1,1,True,Win
2885349,1,C9,FLY,C9,FLY,Blue,Orianna,2,3,1,True,Win
2885349,1,C9,FLY,C9,FLY,Blue,Karma,3,5,1,True,Win
2885349,1,C9,FLY,C9,FLY,Blue,Nami,4,8,2,True,Win
2885349,1,C9,FLY,C9,FLY,Blue,Lulu,5,10,2,True,Win
2885349,1,C9,FLY,FLY,C9,Red,Ziggs,1,2,1,False,Loss
2885349,1,C9,FLY,FLY,C9,Red,Azir,2,4,1,False,Loss
2885349,1,C9,FLY,FLY,C9,Red,Taliyah,3,6,1,False,Loss
2885349,1,C9,FLY,FLY,C9,Red,Cassiopeia,4,7,2,False,Loss
2885349,1,C9,FLY,FLY,C9,Red,Bard,5,9,2,False,Loss
2885349,2,C9,FLY,C9,FLY,Blue,Varus,1,2,1,True,Win
2885349,2,C9,FLY,C9,FLY,Blue,Orianna,2,4,1,True,Win
2885349,2,C9,FLY,C9,FLY,Blue,Karma,3,6,1,True,Win
2885349,2,C9,FLY,C9,FLY,Blue,Senna,4,7,2,True,Win
2885349,2,C9,FLY,C9,FLY,Blue,Ezreal,5,9,2,True,Win
2885349,2,C9,FLY,FLY,C9,Red,Ziggs,1,1,1,False,Loss
2885349,2,C9,FLY,FLY,C9,Red,Pantheon,2,3,1,False,Loss
2885349,2,C9,FLY,FLY,C9,Red,Nautilus,3,5,1,False,Loss
2885349,2,C9,FLY,FLY,C9,Red,Bard,4,8,2,False,Loss
2885349,2,C9,FLY,FLY,C9,Red,Rakan,5,10,2,False,Loss
2885349,3,C9,FLY,C9,FLY,Blue,Karma,1,1,1,True,Win
2885349,3,C9,FLY,C9,FLY,Blue,Cassiopeia,2,3,1,True,Win
2885349,3,C9,FLY,C9,FLY,Blue,Senna,3,5,1,True,Win
2885349,3,C9,FLY,C9,FLY,Blue,Nautilus,4,8,2,True,Win
2885349,3,C9,FLY,C9,FLY,Blue,Rakan,5,10,2,True,Win
2885349,3,C9,FLY,FLY,C9,Red,Ziggs,1,2,1,False,Loss
2885349,3,C9,FLY,FLY,C9,Red,Varus,2,4,1,False,Loss
2885349,3,C9,FLY,FLY,C9,Red,Pantheon,3,6,1,False,Loss
2885349,3,C9,FLY,FLY,C9,Red,Yorick,4,7,2,False,Loss
2885349,3,C9,FLY,FLY,C9,Red,Ezreal,5,9,2,False,Loss
2885351,1,SEN,C9,SEN,C9,Blue,Ziggs,1,2,1,False,Loss
2885351,1,SEN,C9,SEN,C9,Blue,Aurora,2,4,1,False,Loss
2885351,1,SEN,C9,SEN,C9,Blue,Neeko,3,6,1,False,Loss
2885351,1,SEN,C9,SEN,C9,Blue,Nautilus,4,7,2,False,Loss
2885351,1,SEN,C9,SEN,C9,Blue,Alistar,5,9,2,False,Loss
2885351,1,SEN,C9,C9,SEN,Red,Orianna,1,1,1,True,Win
2885351,1,SEN,C9,C9,SEN,Red,Varus,2,3,1,True,Win
2885351,1,SEN,C9,C9,SEN,Red,Rumble,3,5,1,True,Win
2885351,1,SEN,C9,C9,SEN,Red,Nami,4,8,2,True,Win
2885351,1,SEN,C9,C9,SEN,Red,Karma,5,10,2,True,Win
2885351,2,C9,SEN,C9,SEN,Blue,Orianna,1,2,1,True,Win
2885351,2,C9,SEN,C9,SEN,Blue,Azir,2,4,1,True,Win
2885351,2,C9,SEN,C9,SEN,Blue,Neeko,3,6,1,True,Win
2885351,2,C9,SEN,C9,SEN,Blue,Yone,4,7,2,True,Win
2885351,2,C9,SEN,C9,SEN,Blue,Poppy,5,9,2,True,Win
2885351,2,C9,SEN,SEN,C9,Red,Ziggs,1,1,1,False,Loss
2885351,2,C9,SEN,SEN,C9,Red,Aurora,2,3,1,False,Loss
2885351,2,C9,SEN,SEN,C9,Red,Nocturne,3,5,1,False,Loss
2885351,2,C9,SEN,SEN,C9,Red,Galio,4,8,2,False,Loss
2885351,2,C9,SEN,SEN,C9,Red,Annie,5,10,2,False,Loss
2885351,3,C9,SEN,C9,SEN,Blue,Akali,1,1,1,True,Win
2885351,3,C9,SEN,C9,SEN,Blue,Yone,2,3,1,True,Win
2885351,3,C9,SEN,C9,SEN,Blue,Orianna,3,5,1,True,Win
2885351,3,C9,SEN,C9,SEN,Blue,Galio,4,8,2,True,Win
2885351,3,C9,SEN,C9,SEN,Blue,Gwen,5,10,2,True,Win
2885351,3,C9,SEN,SEN,C9,Red,Nocturne,1,2,1,False,Loss
2885351,3,C9,SEN,SEN,C9,Red,Neeko,2,4,1,False,Loss
2885351,3,C9,SEN,SEN,C9,Red,Azir,3,6,1,False,Loss
2885351,3,C9,SEN,SEN,C9,Red,Xin Zhao,4,7,2,False,Loss
2885351,3,C9,SEN,SEN,C9,Red,Malphite,5,9,2,False,Loss
2901028,1,TH,G2,TH,G2,Blue,Azir,1,1,1,False,Loss
2901028,1,TH,G2,TH,G2,Blue,Pantheon,2,3,1,False,Loss
2901028,1,TH,G2,TH,G2,Blue,Neeko,3,5,1,False,Loss
2901028,1,TH,G2,TH,G2,Blue,Kennen,4,8,2,False,Loss
2901028,1,TH,G2,TH,G2,Blue,Ezreal,5,10,2,False,Loss
2901028,1,TH,G2,G2,TH,Red,Varus,1,2,1,True,Win
2901028,1,TH,G2,G2,TH,Red,Rumble,2,4,1,True,Win
2901028,1,TH,G2,G2,TH,Red,Orianna,3,6,1,True,Win
2901028,1,TH,G2,G2,TH,Red,Thresh,4,7,2,True,Win
2901028,1,TH,G2,G2,TH,Red,Nautilus,5,9,2,True,Win
2901028,2,G2,TH,G2,TH,Blue,Rumble,1,1,1,True,Win
2901028,2,G2,TH,G2,TH,Blue,Yunara,2,3,1,True,Win
2901028,2,G2,TH,G2,TH,Blue,Ambessa,3,5,1,True,Win
2901028,2,G2,TH,G2,TH,Blue,Jhin,4,8,2,True,Win
2901028,2,G2,TH,G2,TH,Blue,Corki,5,10,2,True,Win
2901028,2,G2,TH,TH,G2,Red,Xin Zhao,1,2,1,False,Loss
2901028,2,G2,TH,TH,G2,Red,Varus,2,4,1,False,Loss
2901028,2,G2,TH,TH,G2,Red,Poppy,3,6,1,False,Loss
2901028,2,G2,TH,TH,G2,Red,Nocturne,4,7,2,False,Loss
2901028,2,G2,TH,TH,G2,Red,Jarvan IV,5,9,2,False,Loss
2901029,1,KC,GX,KC,GX,Blue,Vi,1,1,1,True,Win
2901029,1,KC,GX,KC,GX,Blue,Yone,2,3,1,True,Win
2901029,1,KC,GX,KC,GX,Blue,Jhin,3,5,1,True,Win
2901029,1,KC,GX,KC,GX,Blue,K'Sante,4,8,2,True,Win
2901029,1,KC,GX,KC,GX,Blue,Sion,5,10,2,True,Win
2901029,1,KC,GX,GX,KC,Red,Ambessa,1,2,1,False,Loss
2901029,1,KC,GX,GX,KC,Red,Azir,2,4,1,False,Loss
2901029,1,KC,GX,GX,KC,Red,Yunara,3,6,1,False,Loss
2901029,1,KC,GX,GX,KC,Red,Karma,4,7,2,False,Loss
2901029,1,KC,GX,GX,KC,Red,Nautilus,5,9,2,False,Loss
2901029,2,GX,KC,GX,KC,Blue,Ambessa,1,1,1,False,Loss
2901029,2,GX,KC,GX,KC,Blue,Nautilus,2,3,1,False,Loss
2901029,2,GX,KC,GX,KC,Blue,Taliyah,3,5,1,False,Loss
2901029,2,GX,KC,GX,KC,Blue,Alistar,4,8,2,False,Loss
2901029,2,GX,KC,GX,KC,Blue,Gnar,5,10,2,False,Loss
2901029,2,GX,KC,KC,GX,Red,Sion,1,2,1,True,Win
2901029,2,GX,KC,KC,GX,Red,Neeko,2,4,1,True,Win
2901029,2,GX,KC,KC,GX,Red,Caitlyn,3,6,1,True,Win
2901029,2,GX,KC,KC,GX,Red,Dr. Mundo,4,7,2,True,Win
2901029,2,GX,KC,KC,GX,Red,Pantheon,5,9,2,True,Win
2901030,1,G2,KC,G2,KC,Blue,Varus,1,2,1,True,Win
2901030,1,G2,KC,G2,KC,Blue,Rumble,2,4,1,True,Win
2901030,1,G2,KC,G2,KC,Blue,Yunara,3,6,1,True,Win
2901030,1,G2,KC,G2,KC,Blue,Xin Zhao,4,7,2,True,Win
2901030,1,G2,KC,G2,KC,Blue,Jarvan IV,5,9,2,True,Win
2901030,1,G2,KC,KC,G2,Red,Orianna,1,1,1,False,Loss
2901030,1,G2,KC,KC,G2,Red,Caitlyn,2,3,1,False,Loss
2901030,1,G2,KC,KC,G2,Red,K'Sante,3,5,1,False,Loss
2901030,1,G2,KC,KC,G2,Red,Nautilus,4,8,2,False,Loss
2901030,1,G2,KC,KC,G2,Red,Alistar,5,10,2,False,Loss
2901030,3,G2,KC,G2,KC,Blue,Varus,1,2,1,True,Win
2901030,3,G2,KC,G2,KC,Blue,Yunara,2,4,1,True,Win
2901030,3,G2,KC,G2,KC,Blue,Orianna,3,6,1,True,Win
2901030,3,G2,KC,G2,KC,Blue,Alistar,4,7,2,True,Win
2901030,3,G2,KC,G2,KC,Blue,Rell,5,9,2,True,Win
2901030,3,G2,KC,KC,G2,Red,Caitlyn,1,1,1,False,Loss
2901030,3,G2,KC,KC,G2,Red,Poppy,2,3,1,False,Loss
2901030,3,G2,KC,KC,G2,Red,Renekton,3,5,1,False,Loss
2901030,3,G2,KC,KC,G2,Red,Rakan,4,8,2,False,Loss
2901030,3,G2,KC,KC,G2,Red,Nautilus,5,10,2,False,Loss
2901035,1,VIT,KC,VIT,KC,Blue,Varus,1,2,1,True,Win
2901035,1,VIT,KC,VIT,KC,Blue,Azir,2,4,1,True,Win
2901035,1,VIT,KC,VIT,KC,Blue,Orianna,3,6,1,True,Win
2901035,1,VIT,KC,VIT,KC,Blue,Rumble,4,7,2,True,Win
2901035,1,VIT,KC,VIT,KC,Blue,Nautilus,5,9,2,True,Win
2901035,1,VIT,KC,KC,VIT,Red,Pantheon,1,1,1,False,Loss
2901035,1,VIT,KC,KC,VIT,Red,Gwen,2,3,1,False,Loss
2901035,1,VIT,KC,KC,VIT,Red,Nami,3,5,1,False,Loss
2901035,1,VIT,KC,KC,VIT,Red,Bard,4,8,2,False,Loss
2901035,1,VIT,KC,KC,VIT,Red,Renekton,5,10,2,False,Loss
2901035,2,VIT,KC,VIT,KC,Blue,Varus,1,2,1,False,Loss
2901035,2,VIT,KC,VIT,KC,Blue,Rumble,2,4,1,False,Loss
2901035,2,VIT,KC,VIT,KC,Blue,Sion,3,6,1,False,Loss
2901035,2,VIT,KC,VIT,KC,Blue,Ashe,4,7,2,False,Loss
2901035,2,VIT,KC,VIT,KC,Blue,Braum,5,9,2,False,Loss
2901035,2,VIT,KC,KC,VIT,Red,Pantheon,1,1,1,True,Win
2901035,2,VIT,KC,KC,VIT,Red,K'Sante,2,3,1,True,Win
2901035,2,VIT,KC,KC,VIT,Red,Gwen,3,5,1,True,Win
2901035,2,VIT,KC,KC,VIT,Red,Nami,4,8,2,True,Win
2901035,2,VIT,KC,KC,VIT,Red,Nautilus,5,10,2,True,Win
2901035,3,VIT,KC,VIT,KC,Blue,Varus,1,2,1,False,Loss
2901035,3,VIT,KC,VIT,KC,Blue,Aphelios,2,4,1,False,Loss
2901035,3,VIT,KC,VIT,KC,Blue,Bard,3,6,1,False,Loss
2901035,3,VIT,KC,VIT,KC,Blue,Sivir,4,7,2,False,Loss
2901035,3,VIT,KC,VIT,KC,Blue,Lucian,5,9,2,False,Loss
2901035,3,VIT,KC,KC,VIT,Red,Kai'Sa,1,1,1,True,Win
2901035,3,VIT,KC,KC,VIT,Red,Pantheon,2,3,1,True,Win
2901035,3,VIT,KC,KC,VIT,Red,Jayce,3,5,1,True,Win
2901035,3,VIT,KC,KC,VIT,Red,Ashe,4,8,2,True,Win
2901035,3,VIT,KC,KC,VIT,Red,Nautilus,5,10,2,True,Win
2901037,1,G2,MKOI,G2,MKOI,Blue,Yunara,1,1,1,True,Win
2901037,1,G2,MKOI,G2,MKOI,Blue,Rumble,2,3,1,True,Win
2901037,1,G2,MKOI,G2,MKOI,Blue,Azir,3,5,1,True,Win
2901037,1,G2,MKOI,G2,MKOI,Blue,Kai'Sa,4,8,2,True,Win
2901037,1,G2,MKOI,G2,MKOI,Blue,Gwen,5,10,2,True,Win
2901037,1,G2,MKOI,MKOI,G2,Red,Varus,1,2,1,False,Loss
2901037,1,G2,MKOI,MKOI,G2,Red,Dr. Mundo,2,4,1,False,Loss
2901037,1,G2,MKOI,MKOI,G2,Red,Poppy,3,6,1,False,Loss
2901037,1,G2,MKOI,MKOI,G2,Red,K'Sante,4,7,2,False,Loss
2901037,1,G2,MKOI,MKOI,G2,Red,Renekton,5,9,2,False,Loss
2901037,2,G2,MKOI,G2,MKOI,Blue,Varus,1,2,1,True,Win
2901037,2,G2,MKOI,G2,MKOI,Blue,Azir,2,4,1,True,Win
2901037,2,G2,MKOI,G2,MKOI,Blue,Pantheon,3,6,1,True,Win
2901037,2,G2,MKOI,G2,MKOI,Blue,Elise,4,7,2,True,Win
2901037,2,G2,MKOI,G2,MKOI,Blue,Karma,5,9,2,True,Win
2901037,2,G2,MKOI,MKOI,G2,Red,Dr. Mundo,1,1,1,False,Loss
2901037,2,G2,MKOI,MKOI,G2,Red,Yunara,2,3,1,False,Loss
2901037,2,G2,MKOI,MKOI,G2,Red,Anivia,3,5,1,False,Loss
2901037,2,G2,MKOI,MKOI,G2,Red,Jhin,4,8,2,False,Loss
2901037,2,G2,MKOI,MKOI,G2,Red,Nami,5,10,2,False,Loss
2901037,3,G2,MKOI,G2,MKOI,Blue,Aphelios,1,1,1,True,Win
2901037,3,G2,MKOI,G2,MKOI,Blue,Gwen,2,3,1,True,Win
2901037,3,G2,MKOI,G2,MKOI,Blue,Nami,3,5,1,True,Win
2901037,3,G2,MKOI,G2,MKOI,Blue,Nocturne,4,8,2,True,Win
2901037,3,G2,MKOI,G2,MKOI,Blue,Pantheon,5,10,2,True,Win
2901037,3,G2,MKOI,MKOI,G2,Red,Varus,1,2,1,False,Loss
2901037,3,G2,MKOI,MKOI,G2,Red,Azir,2,4,1,False,Loss
2901037,3,G2,MKOI,MKOI,G2,Red,Dr. Mundo,3,6,1,False,Loss
2901037,3,G2,MKOI,MKOI,G2,Red,Aatrox,4,7,2,False,Loss
2901037,3,G2,MKOI,MKOI,G2,Red,Poppy,5,9,2,False,Loss
2901038,1,GX,KC,GX,KC,Blue,Yunara,1,2,1,False,Loss
2901038,1,GX,KC,GX,KC,Blue,Varus,2,4,1,False,Loss
2901038,1,GX,KC,GX,KC,Blue,Galio,3,6,1,False,Loss
2901038,1,GX,KC,GX,KC,Blue,Kai'Sa,4,7,2,False,Loss
2901038,1,GX,KC,GX,KC,Blue,Ezreal,5,9,2,False,Loss
2901038,1,GX,KC,KC,GX,Red,Vi,1,1,1,True,Win
2901038,1,GX,KC,KC,GX,Red,Gwen,2,3,1,True,Win
2901038,1,GX,KC,KC,GX,Red,Renekton,3,5,1,True,Win
2901038,1,GX,KC,KC,GX,Red,Nami,4,8,2,True,Win
2901038,1,GX,KC,KC,GX,Red,Nautilus,5,10,2,True,Win
2901038,2,GX,KC,GX,KC,Blue,Yunara,1,1,1,False,Loss
2901038,2,GX,KC,GX,KC,Blue,Ambessa,2,3,1,False,Loss
2901038,2,GX,KC,GX,KC,Blue,Zaahen,3,5,1,False,Loss
2901038,2,GX,KC,GX,KC,Blue,Gwen,4,8,2,False,Loss
2901038,2,GX,KC,GX,KC,Blue,Gnar,5,10,2,False,Loss
2901038,2,GX,KC,KC,GX,Red,Varus,1,2,1,True,Win
2901038,2,GX,KC,KC,GX,Red,Ryze,2,4,1,True,Win
2901038,2,GX,KC,KC,GX,Red,Vi,3,6,1,True,Win
2901038,2,GX,KC,KC,GX,Red,Nidalee,4,7,2,True,Win
2901038,2,GX,KC,KC,GX,Red,Pantheon,5,9,2,True,Win
2901038,3,GX,KC,GX,KC,Blue,Yunara,1,1,1,False,Loss
2901038,3,GX,KC,GX,KC,Blue,Ambessa,2,3,1,False,Loss
2901038,3,GX,KC,GX,KC,Blue,Jayce,3,5,1,False,Loss
2901038,3,GX,KC,GX,KC,Blue,Gwen,4,8,2,False,Loss
2901038,3,GX,KC,GX,KC,Blue,Wukong,5,10,2,False,Loss
2901038,3,GX,KC,KC,GX,Red,Varus,1,2,1,True,Win
2901038,3,GX,KC,KC,GX,Red,Ryze,2,4,1,True,Win
2901038,3,GX,KC,KC,GX,Red,Caitlyn,3,6,1,True,Win
2901038,3,GX,KC,KC,GX,Red,Akali,4,7,2,True,Win
2901038,3,GX,KC,KC,GX,Red,Cassiopeia,5,9,2,True,Win
2901039,1,MKOI,KC,MKOI,KC,Blue,Yunara,1,1,1,True,Win
2901039,1,MKOI,KC,MKOI,KC,Blue,Bard,2,3,1,True,Win
2901039,1,MKOI,KC,MKOI,KC,Blue,Renekton,3,5,1,True,Win
2901039,1,MKOI,KC,MKOI,KC,Blue,Karma,4,8,2,True,Win
2901039,1,MKOI,KC,MKOI,KC,Blue,Poppy,5,10,2,True,Win
2901039,1,MKOI,KC,KC,MKOI,Red,Rumble,1,2,1,False,Loss
2901039,1,MKOI,KC,KC,MKOI,Red,Neeko,2,4,1,False,Loss
2901039,1,MKOI,KC,KC,MKOI,Red,Taliyah,3,6,1,False,Loss
2901039,1,MKOI,KC,KC,MKOI,Red,Nami,4,7,2,False,Loss
2901039,1,MKOI,KC,KC,MKOI,Red,Kai'Sa,5,9,2,False,Loss
2901039,2,MKOI,KC,MKOI,KC,Blue,Rumble,1,2,1,False,Loss
2901039,2,MKOI,KC,MKOI,KC,Blue,Dr. Mundo,2,4,1,False,Loss
2901039,2,MKOI,KC,MKOI,KC,Blue,Bard,3,6,1,False,Loss
2901039,2,MKOI,KC,MKOI,KC,Blue,Nocturne,4,7,2,False,Loss
2901039,2,MKOI,KC,MKOI,KC,Blue,Malphite,5,9,2,False,Loss
2901039,2,MKOI,KC,KC,MKOI,Red,Vi,1,1,1,True,Win
2901039,2,MKOI,KC,KC,MKOI,Red,Gwen,2,3,1,True,Win
2901039,2,MKOI,KC,KC,MKOI,Red,Nautilus,3,5,1,True,Win
2901039,2,MKOI,KC,KC,MKOI,Red,Anivia,4,8,2,True,Win
2901039,2,MKOI,KC,KC,MKOI,Red,Taliyah,5,10,2,True,Win
2901039,3,MKOI,KC,MKOI,KC,Blue,Dr. Mundo,1,1,1,True,Win
2901039,3,MKOI,KC,MKOI,KC,Blue,Nami,2,3,1,True,Win
2901039,3,MKOI,KC,MKOI,KC,Blue,Mel,3,5,1,True,Win
2901039,3,MKOI,KC,MKOI,KC,Blue,Trundle,4,8,2,True,Win
2901039,3,MKOI,KC,MKOI,KC,Blue,Aatrox,5,10,2,True,Win
2901039,3,MKOI,KC,KC,MKOI,Red,Vi,1,2,1,False,Loss
2901039,3,MKOI,KC,KC,MKOI,Red,Rumble,2,4,1,False,Loss
2901039,3,MKOI,KC,KC,MKOI,Red,Ahri,3,6,1,False,Loss
2901039,3,MKOI,KC,KC,MKOI,Red,Nocturne,4,7,2,False,Loss
2901039,3,MKOI,KC,KC,MKOI,Red,Poppy,5,9,2,False,Loss
2901039,4,MKOI,KC,MKOI,KC,Blue,Rumble,1,2,1,False,Loss
2901039,4,MKOI,KC,MKOI,KC,Blue,Bard,2,4,1,False,Loss
2901039,4,MKOI,KC,MKOI,KC,Blue,Renata Glasc,3,6,1,False,Loss
2901039,4,MKOI,KC,MKOI,KC,Blue,Sylas,4,7,2,False,Loss
2901039,4,MKOI,KC,MKOI,KC,Blue,Mel,5,9,2,False,Loss
2901039,4,MKOI,KC,KC,MKOI,Red,Caitlyn,1,1,1,True,Win
2901039,4,MKOI,KC,KC,MKOI,Red,Nami,2,3,1,True,Win
2901039,4,MKOI,KC,KC,MKOI,Red,Galio,3,5,1,True,Win
2901039,4,MKOI,KC,KC,MKOI,Red,Naafiri,4,8,2,True,Win
2901039,4,MKOI,KC,KC,MKOI,Red,Nocturne,5,10,2,True,Win
2901039,5,MKOI,KC,MKOI,KC,Blue,Zeri,1,1,1,False,Loss
2901039,5,MKOI,KC,MKOI,KC,Blue,Mel,2,3,1,False,Loss
2901039,5,MKOI,KC,MKOI,KC,Blue,Dr. Mundo,3,5,1,False,Loss
2901039,5,MKOI,KC,MKOI,KC,Blue,Nocturne,4,8,2,False,Loss
2901039,5,MKOI,KC,MKOI,KC,Blue,Naafiri,5,10,2,False,Loss
2901039,5,MKOI,KC,KC,MKOI,Red,Caitlyn,1,2,1,True,Win
2901039,5,MKOI,KC,KC,MKOI,Red,Rumble,2,4,1,True,Win
2901039,5,MKOI,KC,KC,MKOI,Red,Nami,3,6,1,True,Win
2901039,5,MKOI,KC,KC,MKOI,Red,Twisted Fate,4,7,2,True,Win
2901039,5,MKOI,KC,KC,MKOI,Red,Smolder,5,9,2,True,Win
